{
     "records": {
        "1": {
           "Position": "Программное обеспечение Интеллект - Ядро системы и система защиты Guardant\t",
           "Price": 30,
           "Description": "Подготовка операционной системы. Установке программного обеспечения. Установка драйверов защиты лицензии. "
        },
        "10": {
           "Position": "Программное обеспечение Интеллект - Агент контроля (Объект комплексного мониторинга)\t",
           "Price": 15,
           "Description": " Установка ПО. Создание и настройка объектов в конфигурации программного комплекса."
        },
        "100": {
           "Position": "Программное обеспечение Интеллект - Интеграция ОПС Honeywell Galaxy Dimension",
           "Price": 120,
           "Description": "Установка программного обеспечения (ACFA). Создание и настройка объектов в конфигурации программного комплекса. Настройка связи с устройством. "
        },
        "101": {
           "Position": "Программное обеспечение Интеллект - Интеграция системы оповещения Тромбон",
           "Price": 10,
           "Description": "Установка программного обеспечения (ACFA). Создание и настройка объектов в конфигурации программного комплекса."
        },
        "102": {
           "Position": "Программное обеспечение Интеллект - Интеграция ОПС Z-line",
           "Price": 30,
           "Description": "Установка программного обеспечения (ACFA). Создание и настройка объектов в конфигурации программного комплекса."
        },
        "103": {
           "Position": "Программное обеспечение Интеллект - Интеграция ПРХК (прибора радиационно-химического контроля)",
           "Price": 10,
           "Description": "Установка программного обеспечения (ACFA). Создание и настройка объектов в конфигурации программного комплекса."
        },
        "104": {
           "Position": "Программное обеспечение Интеллект - Интеграция ОПС Aritech FP2000",
           "Price": 30,
           "Description": "Установка программного обеспечения (ACFA). Создание и настройка объектов в конфигурации программного комплекса."
        },
        "105": {
           "Position": "Программное обеспечение Интеллект - Интеграция ОПС Siemens Cerberus ECO",
           "Price": 30,
           "Description": "Установка программного обеспечения (ACFA). Создание и настройка объектов в конфигурации программного комплекса. Настройка связи с устройством. "
        },
        "106": {
           "Position": "Программное обеспечение Интеллект - Интеграция ОПС FireSec (Рубеж-2АМ)",
           "Price": 60,
           "Description": "Установка программного обеспечения (ACFA). Создание и настройка объектов в конфигурации программного комплекса. Настройка связи с сервером Рубеж."
        },
        "107": {
           "Position": "Программное обеспечение Интеллект - Интеграция ОПС Рубеж GLOBAL",
           "Price": 60,
           "Description": "Установка программного обеспечения (ACFA). Создание и настройка объектов в конфигурации программного комплекса. Настройка связи с сервером Global."
        },
        "109": {
           "Position": "Программное обеспечение Интеллект - Интеграция контроллера СКУД Noder (контроллер EWE4) За один контроллер.",
           "Price": 10,
           "Description": "Установка программного обеспечения (ACFA). Создание и настройка объектов в конфигурации программного комплекса. Настройка связи с устройством. "
        },
        "11": {
           "Position": "Программное обеспечение Интеллект - Сервер контроля (Рабочее место комплексного мониторинга) X2 При наличии объектов СКД\t",
           "Price": 30,
           "Description": " Установка ПО. Создание объектов в настройках программного комплекса. Настройка источников данных. Конфигурирование интерфейсов оператора системы. "
        },
        "110": {
           "Position": "Программное обеспечение Интеллект - Интеграция контроллера СКУД Noder (контроллер EE12)",
           "Price": 10,
           "Description": "Установка программного обеспечения (ACFA). Создание и настройка объектов в конфигурации программного комплекса. Настройка связи с устройством. "
        },
        "111": {
           "Position": "Программное обеспечение Интеллект - Интеграция СКУД Suprema 2",
           "Price": 30,
           "Description": "Установка программного обеспечения (ACFA). Создание и настройка объектов в конфигурации программного комплекса. Настройка связи с устройством. Настройка устройства средствами родного программного обеспечения BioStar2. "
        },
        "112": {
           "Position": "Программное обеспечение Интеллект - Интеграция СКУД HID VertX/Edge",
           "Price": 60,
           "Description": "Установка программного обеспечения (ACFA). Создание и настройка объектов в конфигурации программного комплекса. Настройка связи с устройством. Синхронизация дерева оборудования с устройством.Корректировка настроек вручную, после синхронизации. "
        },
        "113": {
           "Position": "Программное обеспечение Интеллект - Интеграция СКУД Suprema",
           "Price": 30,
           "Description": "Установка программного обеспечения (ACFA). Создание и настройка объектов в конфигурации программного комплекса. Настройка связи с устройством. Настройка устройства средствами родного программного обеспечения BioStar. "
        },
        "114": {
           "Position": "Программное обеспечение Интеллект - Интеграция СКУД Gate  ( за контроллер)",
           "Price": 10,
           "Description": "Установка программного обеспечения (ACFA). Создание и настройка объектов в конфигурации программного комплекса. Настройка связи с устройством. "
        },
        "115": {
           "Position": "Программное обеспечение Интеллект - Интеграция СКУД ParsecNet 3 (За одну ветку приборов)",
           "Price": 30,
           "Description": "Установка программного обеспечения (ACFA). Создание и настройка объектов в конфигурации программного комплекса. Настройка связи с устройством. Синхронизация дерева оборудования с устройством.Корректировка настроек вручную, после синхронизации. "
        },
        "116": {
           "Position": "Программное обеспечение Интеллект - Интеграция СКУД NAC",
           "Price": 10,
           "Description": "Установка программного обеспечения (ACFA). Создание и настройка объектов в конфигурации программного комплекса. Настройка связи с устройством. "
        },
        "117": {
           "Position": "Программное обеспечение Интеллект - Интеграция СКУД BioSmart (биометрическая идентификация). За один контроллер",
           "Price": 30,
           "Description": "Установка программного обеспечения (ACFA). Создание и настройка объектов в конфигурации программного комплекса. Настройка связи с устройством. Синхронизация дерева оборудования с устройством.Корректировка настроек вручную, после синхронизации. "
        },
        "118": {
           "Position": "Программное обеспечение Интеллект - Интеграция СКУД ZK Teco",
           "Price": 10,
           "Description": "Установка программного обеспечения (ACFA). Создание и настройка объектов в конфигурации программного комплекса. Настройка связи с устройством. "
        },
        "119": {
           "Position": "Программное обеспечение Интеллект - Интеграция СКУД Forsec",
           "Price": 10,
           "Description": "Установка программного обеспечения (ACFA). Создание и настройка объектов в конфигурации программного комплекса. Настройка связи с устройством. "
        },
        "12": {
           "Position": "ПО подсчета очередиПрограммное обеспечение Интеллект - Шлюз данных cервера контроля\t",
           "Price": 5,
           "Description": "Создание и настройка объектов в конфигурации программного комплекса."
        },
        "120": {
           "Position": "Программное обеспечение Интеллект - Интеграция СКУД Артонит-М",
           "Price": 30,
           "Description": "Установка программного обеспечения (ACFA). Создание и настройка объектов в конфигурации программного комплекса. Настройка связи с устройством средствами родного программного обеспечения. "
        },
        "121": {
           "Position": "Программное обеспечение Интеллект - Интеграция ДО М-ИОН",
           "Price": 10,
           "Description": "Установка программного обеспечения (ACFA). Создание и настройка объектов в конфигурации программного комплекса. Настройка связи с устройством. "
        },
        "122": {
           "Position": "Программное обеспечение Интеллект - Интеграция СКУД FortNet (AccessNet, контроллер ABC)",
           "Price": 30,
           "Description": "Установка программного обеспечения (ACFA). Создание и настройка объектов в конфигурации программного комплекса. Настройка связи с устройством. Синхронизация дерева оборудования с устройством.Корректировка настроек вручную, после синхронизации. "
        },
        "123": {
           "Position": "Программное обеспечение Интеллект - Интеграция СКУД Кронверк CM-T",
           "Price": 60,
           "Description": "Установка программного обеспечения (ACFA) Установка программного обеспечения Кронверк. Создание и настройка объектов в конфигурации программного комплекса. Настройка связи с устройством. Синхронизация дерева оборудования с устройством.Корректировка настроек вручную, после синхронизации. "
        },
        "124": {
           "Position": "Программное обеспечение Интеллект - Интеграция СКУД Perco S-20",
           "Price": 30,
           "Description": "Установка программного обеспечения (ACFA). Создание и настройка объектов в конфигурации программного комплекса. Настройка связи с устройством. Синхронизация дерева оборудования с устройством.Корректировка настроек вручную, после синхронизации. "
        },
        "125": {
           "Position": "Программное обеспечение Интеллект - Интеграция СКУД Hikvision",
           "Price": 30,
           "Description": "Установка программного обеспечения (ACFA). Создание и настройка объектов в конфигурации программного комплекса. Настройка связи с устройством. "
        },
        "126": {
           "Position": "Программное обеспечение Интеллект - Интеграция алкотестера Dingo B-02",
           "Price": 10,
           "Description": "Установка программного обеспечения (ACFA). Создание и настройка объектов в конфигурации программного комплекса. Настройка связи с устройством. "
        },
        "127": {
           "Position": "Программное обеспечение Интеллект - Интеграция ДО Сфинкс-ОКО",
           "Price": 30,
           "Description": "Установка программного обеспечения (ACFA). Установка программного обеспечения Сфинкс-ОКО. Создание и настройка объектов в конфигурации программного комплекса. Настройка связи с устройством. "
        },
        "128": {
           "Position": "Программное обеспечение Интеллект - Интеграция алкотестера Алкорамка",
           "Price": 30,
           "Description": "Установка программного обеспечения (ACFA). Установка программного обеспечения MQTT Brocker. Создание и настройка объектов в конфигурации программного комплекса. Настройка связи с устройством. "
        },
        "129": {
           "Position": "Программное обеспечение Интеллект - Интеграция СКУД TSS-2000",
           "Price": 30,
           "Description": "Установка программного обеспечения (ACFA). Создание и настройка объектов в конфигурации программного комплекса. Настройка связи с сервером TSS."
        },
        "13": {
           "Position": "Программное обеспечение Интеллект - Сервер контроля УРМ (Дополнительное рабочее место комплексного мониторинга)\t",
           "Price": 15,
           "Description": "Установка ПО. Создание и настройка объектов в конфигурации программного комплекса."
        },
        "130": {
           "Position": "Программное обеспечение Интеллект - Интеграция СКУД Elsys",
           "Price": 60,
           "Description": "Установка программного обеспечения (ACFA). Создание и настройка объектов в конфигурации программного комплекса. Настройка связи с устройством. Создание дерева оборудования. "
        },
        "131": {
           "Position": "Программное обеспечение Интеллект - Интеграция ключницы LockerBox",
           "Price": 30,
           "Description": "Установка программного обеспечения (ACFA). Создание и настройка объектов в конфигурации программного комплекса. Настройка связи с устройством. "
        },
        "132": {
           "Position": "Программное обеспечение Интеллект - Интеграция СКУД RusGuard",
           "Price": 30,
           "Description": "Установка программного обеспечения (ACFA). Создание и настройка объектов в конфигурации программного комплекса. Настройка связи с устройством. "
        },
        "133": {
           "Position": "Программное обеспечение Интеллект - Интеграция СКУД Сфинкс (Sigur)",
           "Price": 30,
           "Description": "Установка программного обеспечения (ACFA). Создание и настройка объектов в конфигурации программного комплекса. Настройка связи с устройством. "
        },
        "134": {
           "Position": "Программное обеспечение Интеллект - Интеграция СКУД Schindler PORT (За один контроллер лифта)",
           "Price": 60,
           "Description": "Установка программного обеспечения (ACFA). Создание и настройка объектов в конфигурации программного комплекса. Настройка связи с устройством. Создание дерева оборудования и прав доступа. "
        },
        "135": {
           "Position": "Программное обеспечение Интеллект - Интеграция СКУД Tempo Reale (Альфа прибор АПДА 21/41)",
           "Price": 10,
           "Description": "Установка программного обеспечения (ACFA). Создание и настройка объектов в конфигурации программного комплекса. Настройка связи с устройством. "
        },
        "136": {
           "Position": "Программное обеспечение Интеллект - Интеграция СКУД SALTO",
           "Price": 30,
           "Description": "Установка программного обеспечения (ACFA). Создание и настройка объектов в конфигурации программного комплекса. Настройка связи с устройством. Настройка устройства средствами родного программного обеспечения Salto. "
        },
        "137": {
           "Position": "Программное обеспечение Интеллект - Интеграция СКУД LyriX (За однин физический сервер)",
           "Price": 240,
           "Description": "Установка программного обеспечения (ACFA). Установка программного обеспечения (Liryx). Настройка оборудования средствами родного программного обеспеченияLiryx. Настройка связи с устройством. Создание и настройка объектов в конфигурации программного комплекса. "
        },
        "138": {
           "Position": "Программное обеспечение Интеллект - Интеграция алкотестер Алкобарьер",
           "Price": 30,
           "Description": "Установка программного обеспечения (ACFA). Создание и настройка объектов в конфигурации программного комплекса. Настройка связи с устройством. "
        },
        "139": {
           "Position": "Программное обеспечение Интеллект - Интеграция СКУД Терминал доступа Intelliko",
           "Price": 30,
           "Description": "Установка программного обеспечения (ACFA). Создание и настройка объектов в конфигурации программного комплекса. Настройка связи с устройством. "
        },
        "14": {
           "Position": "Просмотр встроенных хранилищ видеокамер\t",
           "Price": 5,
           "Description": "Настройка параметров звука в Web интерфейсе камеры. Создание и настройка объектов в конфигурации программного комплекса. "
        },
        "140": {
           "Position": "Программное обеспечение Интеллект - Интеграция ключницы KeyGuard",
           "Price": 30,
           "Description": "Установка программного обеспечения (ACFA). Создание и настройка объектов в конфигурации программного комплекса. Настройка связи с устройством. "
        },
        "142": {
           "Position": "Программное обеспечение Интеллект - Интеграция ОПС/СКД Рубикон",
           "Price": 120,
           "Description": "Установка программного обеспечения (ACFA). Создание и настройка объектов в конфигурации программного комплекса. Настройка связи с устройством. Синхронизация дерева оборудования с устройством.Корректировка настроек вручную, после синхронизации. "
        },
        "143": {
           "Position": "Программное обеспечение Интеллект - Интеграция ОПС/СКУД Apollo (сервер)  (Включая три следующие позиции).",
           "Price": 60,
           "Description": "Установка программного обеспечения (ACFA). Создание и настройка объектов в конфигурации программного комплекса. Настройка связи с устройством. Синхронизация дерева оборудования с устройством.Корректировка настроек вручную, после синхронизации. "
        },
        "144": {
           "Position": "Программное обеспечение Интеллект - Интеграция ОПС/СКУД Apollo (считыватель)",
           "Price": 0,
           "Description": "Нет описания"
        },
        "145": {
           "Position": "Программное обеспечение Интеллект - Интеграция ОПС/СКУД Apollo (AIO-168)",
           "Price": 0,
           "Description": "Нет описания"
        },
        "146": {
           "Position": "Программное обеспечение Интеллект - Интеграция ОПС/СКУД Apollo (ASA-72)",
           "Price": 0,
           "Description": "Нет описания"
        },
        "147": {
           "Position": "Программное обеспечение Интеллект - Интеграция ОПС/СКУД Болид",
           "Price": 60,
           "Description": "Установка программного обеспечения (ACFA). Создание и настройка объектов в конфигурации программного комплекса. Настройка связи с устройством. Синхронизация дерева оборудования с устройством."
        },
        "148": {
           "Position": "Программное обеспечение Интеллект - Интеграция ОПС/СКУД Рубеж-08",
           "Price": 120,
           "Description": "Установка программного обеспечения (ACFA). Создание и настройка объектов в конфигурации программного комплекса. Настройка связи с устройством. Синхронизация дерева оборудования с устройством.Корректировка настроек вручную, после синхронизации. "
        },
        "15": {
           "Position": "ПО управления поворотными устройствами  (за один канал) \t",
           "Price": 5,
           "Description": "Создание и настройка объектов в конфигурации программного комплекса. Нстройка устройства для работы с программным комплексом. "
        },
        "150": {
           "Position": "Программное обеспечение Интеллект - Интеграция СОП",
           "Price": 30,
           "Description": "Установка программного обеспечения (ACFA). Создание и настройка объектов в конфигурации программного комплекса. Настройка связи с устройством."
        },
        "151": {
           "Position": "Программное обеспечение Интеллект - Интеграция СПО Раскат",
           "Price": 30,
           "Description": "Установка программного обеспечения (ACFA). Создание и настройка объектов в конфигурации программного комплекса. Настройка связи с устройством."
        },
        "152": {
           "Position": "Программное обеспечение Интеллект - Интеграция СПО Юмирс",
           "Price": 30,
           "Description": "Установка программного обеспечения (ACFA). Создание и настройка объектов в конфигурации программного комплекса. Настройка связи с устройством."
        },
        "153": {
           "Position": "Программное обеспечение Интеллект - Интеграция СПО Тополь",
           "Price": 10,
           "Description": "Установка программного обеспечения (ACFA). Создание и настройка объектов в конфигурации программного комплекса. Настройка связи с устройством."
        },
        "154": {
           "Position": "Программное обеспечение Интеллект - Интеграция СПО Forteza",
           "Price": 30,
           "Description": "Установка программного обеспечения (ACFA). Создание и настройка объектов в конфигурации программного комплекса. Настройка связи с устройством."
        },
        "155": {
           "Position": "Программное обеспечение Интеллект - Интеграция СПО Старт 7",
           "Price": 30,
           "Description": "Установка программного обеспечения (ACFA). Создание и настройка объектов в конфигурации программного комплекса. Настройка связи с устройством."
        },
        "156": {
           "Position": "Программное обеспечение Интеллект - Интеграция маяков Стрелец-Интеграл ( Браслет-ПРО исп. В, Браслет-ПРО исп. ДВ, комплекс Маяк спасателя.)",
           "Price": 60,
           "Description": "Установка программного обеспечения (ACFA). Создание и настройка объектов в конфигурации программного комплекса. Настройка связи с сервером \"Стрелец\". Привяз ка GEO данным на карте. "
        },
        "157": {
           "Position": "Программное обеспечение Интеллект - Интеграция СПО Intrepid II",
           "Price": 30,
           "Description": "Установка программного обеспечения (ACFA). Создание и настройка объектов в конфигурации программного комплекса. Настройка связи с устройством."
        },
        "158": {
           "Position": "Программное обеспечение Интеллект - Интеграция СПО СТ-Периметр",
           "Price": 60,
           "Description": "Установка программного обеспечения (ACFA). Создание и настройка объектов в конфигурации программного комплекса. Настройка связи с устройством. Настройка объектов в зависимсоти от типа датчиков. "
        },
        "159": {
           "Position": "Программное обеспечение Интеллект - Интеграция СПО Optex",
           "Price": 10,
           "Description": "Установка программного обеспечения (ACFA). Создание и настройка объектов в конфигурации программного комплекса. Настройка связи с устройством."
        },
        "16": {
           "Position": "По подключения спец клавиатуры или джойстика  для управления поворотными устройствами. \t",
           "Price": 15,
           "Description": "Создание и настройка объектов в конфигурации программного комплекса. Нстройка устройства для работы с программным комплексом. "
        },
        "160": {
           "Position": "Программное обеспечение Интеллект - Интеграция СПО Багульник-М УСО",
           "Price": 60,
           "Description": "Установка программного обеспечения (ACFA). Создание и настройка объектов в конфигурации программного комплекса. Настройка связи с сервером \"М-УСО\"."
        },
        "161": {
           "Position": "Программное обеспечение Интеллект - Интеграция СПО \"Волна Альфа\"",
           "Price": 30,
           "Description": "Установка программного обеспечения (ACFA). Создание и настройка объектов в конфигурации программного комплекса. Настройка связи с устройством."
        },
        "163": {
           "Position": "Настройка Демо-комплекта\t",
           "Price": 180,
           "Description": "Настройка функционала согласно прайсу. "
        },
        "164": {
           "Position": "Программное обеспечение Интеллект - Распознавание номеров грузовых вагонов (демо-версия)\t",
           "Price": 60,
           "Description": "Установка программного обеспечения (Auto Интеллект +ACFA). Создание и настройка объектов в конфигурации программного комплекса. Проверка и настройка изображения с видео камеры для корректно йработы распознавания. "
        },
        "165": {
           "Position": "Аудит  уже установленной системы с целью определения времени и стоимости работ по устранению текущих проблем\t",
           "Price": 480,
           "Description": "Проверка настроек существющющей системы. Проверка окружения ( операционные системы, аппаратная часть)."
        },
        "17": {
           "Position": "Программное обеспечение Интеллект - Сервис отказоустойчивости (Failover)\t",
           "Price": 15,
           "Description": "Создание и настройка объектов в конфигурации программного комплекса. Настройка сценария слежения за серверами и объектами системы. "
        },
        "18": {
           "Position": "Программное обеспечение Интеллект - Сити\t",
           "Price": 5,
           "Description": "Создание объекта в конфигурации программного комплекса. Настройка обектов web 2.0, webserver, RTSP сервер."
        },
        "2": {
           "Position": "ПО Удалённое рабочее место (УРМ / УРМА)\t",
           "Price": 30,
           "Description": "Подготовка операционной системы. Установка программного обеспечения. Конфигурирование интерфейсных объектов в соответствии с требованием клиента. "
        },
        "20": {
           "Position": "Программное обеспечение Аксон Некст - Система защиты (Windows/Linux)\t",
           "Price": 30,
           "Description": "Подготовка операционной системы. Установке Программного обеспечения. Установка драйверов защиты лицензии. "
        },
        "21": {
           "Position": "Программное обеспечение - Подключение видеокамеры\t",
           "Price": 10,
           "Description": "Настройка потоков в Web интерфейсе камеры. Создание и настройка объектов в конфигурации программного комплекса."
        },
        "22": {
           "Position": "Просмотр встроенных хранилищ видеокамер\t",
           "Price": 5,
           "Description": "Настройка параметров звука в Web интерфейсе камеры. Создание и настройка объектов в конфигурации программного комплекса. "
        },
        "23": {
           "Position": "Программное обеспечение Аксон Некст - Получения событий от внешних устройств\t",
           "Price": 10,
           "Description": "Создание и настройка объектов в конфигурации программного комплекса. Настройка функционала в Web интерфейсе камеры. Установка драйвера и настройка внешнего устройсва. "
        },
        "24": {
           "Position": "Сross-System Клиент\t",
           "Price": 10,
           "Description": "Проверка настроек пользователей в разныж доменах. "
        },
        "25": {
           "Position": "Функция Tag\u0026Track Pro\t",
           "Price": 20,
           "Description": "Создание и настройка объектов в конфигурации программного комплекса. Настройка реперных точек на стационарных камерах . Конфигурирование интерфейсов программного комплекса. "
        },
        "26": {
           "Position": "Отчеты AxxonNet\t",
           "Price": 10,
           "Description": "Настройка отчетов в обллачном сервисе AxxonNet.com"
        },
        "27": {
           "Position": "Локальное облако AxxonNext (Отчеты  Auto, Face, Web клиент, Dashboards) \t",
           "Price": 30,
           "Description": "Установка ПО ( AxxonData и AxxonNet). Настройка конфигурационных файлов для работы локального облака. Конфигурирование  "
        },
        "28": {
           "Position": "Репликация архивов\t",
           "Price": 10,
           "Description": "Создание и настройка объектов в конфигурации программного комплекса."
        },
        "29": {
           "Position": "Failover (Сервер отказоустойчивости) \t",
           "Price": 30,
           "Description": "Установка ПО. Проверка аппаратной части для распределения нагрузки между компьютерами для корректной работы сервера отказоустойчивости. Создание и настройка объектов в конфигурации программного комплекса."
        },
        "3": {
           "Position": "Программное обеспечение Интеллект - Подключение видеокамеры\t",
           "Price": 10,
           "Description": "Настройка потоков в Web интерфейсе камеры. Создание и настройка объектов в конфигурации программного комплекса."
        },
        "30": {
           "Position": "Управление видеостенами\t",
           "Price": 10,
           "Description": "Конфигурирование раскладок согласно требованиям заказчика. "
        },
        "31": {
           "Position": "Поддержка LDAP пользователей\t",
           "Price": 10,
           "Description": "Настройка объектов в конфигурации программного комплекса. Синхронизация пользователей с каталогом LDAP."
        },
        "32": {
           "Position": "Анализ внешних видеозаписей (Offline analytics)\t",
           "Price": 15,
           "Description": "Настройка объектов в конфигурации программного комплекса. Проверка офлайн аналитики на отдельно взятом видео файле. "
        },
        "33": {
           "Position": "Интерактивная 3D-карта (Open street Map)\t",
           "Price": 10,
           "Description": "Настройка объектов в конфигурации программного комплекса."
        },
        "34": {
           "Position": "Tag\u0026Track Lite\t",
           "Price": 10,
           "Description": "Настройка объектов в конфигурации программного комплекса."
        },
        "35": {
           "Position": "ПО управления поворотными устройствами  (за один канал) \t",
           "Price": 5,
           "Description": "Создание и настройка объектов в конфигурации программного комплекса. Нстройка устройства для работы с программным комплексом. "
        },
        "36": {
           "Position": "По подключения спец клавиатуры или джойстика  для управления поворотными устройствами. \t",
           "Price": 15,
           "Description": "Создание и настройка объектов в конфигурации программного комплекса. Нстройка устройства для работы с программным комплексом. "
        },
        "37": {
           "Position": "ПО Удалённое рабочее место (AxxonNext)\t",
           "Price": 30,
           "Description": "Подготовка операционной системы. Установка программного обеспечения. Конфигурирование интерфейсных объектов в соответствии с требованием клиента. "
        },
        "39": {
           "Position": "Программное обеспечение Аксон Некст - Нейротрекер (Нейросчётчик) объектов",
           "Price": 15,
           "Description": "Установка ПО (Детекторпак). Создание и настройка объектов в конфигурации программного комплекса.Проверка и корректировка видео изображения согласно требованиям для работы нейротрекера. Подбор нужной нейросети. "
        },
        "4": {
           "Position": "ПО обработки звуковых сигналов, за один канал.\t",
           "Price": 10,
           "Description": "Настройка параметров звука в Web интерфейсе камеры. Создание и настройка объектов в конфигурации программного комплекса. "
        },
        "40": {
           "Position": "Программное обеспечение Аксон Некст - Аналитика поведения человека",
           "Price": 15,
           "Description": "Установка ПО (Детекторпак).Создание и настройка объектов в конфигурации программного комплекса. Проверка и корректировка видео изображения согласно требованиям для данного детектора. "
        },
        "41": {
           "Position": "ПО трекинга (за канал)                         Программное обеспечение Интеллект - Нейросетевой фильтр (опционально)\t",
           "Price": 15,
           "Description": "Установка ПО (Детекторпак). Создание и настройка объектов в конфигурации программного комплекса.Проверка и корректировка видео изображения согласно требованиям для работы трекера. Подбор нейрофильтра (если требуется)"
        },
        "42": {
           "Position": "Программное обеспечение Интеллект - Детектор источников света (Интеллект)\t",
           "Price": 10,
           "Description": "Установка ПО (Детекторпак). Создание объекта в конфигурации программного комплекса. Проверка и корректировка видео изображения согласно требованиям для работы детектора."
        },
        "43": {
           "Position": "Программное обеспечение Интеллект - Детекторы дыма и огня    (AxxonNext и Интеллект)\t",
           "Price": 10,
           "Description": "Установка ПО (Детекторпак). Создание объекта в конфигурации программного комплекса. Проверка и корректировка видео изображения согласно требованиям для работы детектора."
        },
        "44": {
           "Position": "Программное обеспечение Интеллект - Определение уровня взлива\t",
           "Price": 10,
           "Description": "Установка ПО (Детекторпак). Создание объекта в конфигурации программного комплекса. Проверка и корректировка видео изображения согласно требованиям для работы детектора."
        },
        "45": {
           "Position": "Детектор подсчета посетителей\t",
           "Price": 10,
           "Description": "Установка ПО (Детекторпак). Создание объекта в конфигурации программного комплекса. Проверка и корректировка видео изображения согласно требованиям для работы детектора."
        },
        "46": {
           "Position": "Детектор длины очереди\t",
           "Price": 10,
           "Description": "Установка ПО (Детекторпак). Создание объекта в конфигурации программного комплекса. Проверка и корректировка видео изображения согласно требованиям для работы детектора."
        },
        "47": {
           "Position": "\"Горячие/ холодные\"  зоны Магазина.  (Интеллект)\t",
           "Price": 20,
           "Description": "Установка ПО (Аналитик пак  и Web отчёты). Создание объекта в конфигурации программного комплекса. Проверка и корректировка видео изображения согласно требованиям для работы детектора. Конфигурирование Web отчётов. "
        },
        "48": {
           "Position": "Детектор маскированных лиц (AxxonNext)\t",
           "Price": 5,
           "Description": "Установка ПО (Детекторпак). Создание и настройка объектов в конфигурации программного комплекса.Проверка и корректировка видео изображения согласно требованиям для работы трекера. Подбор нейрофильтра (если требуется)"
        },
        "49": {
           "Position": "Детектор уровня воды\t",
           "Price": 5,
           "Description": "Установка ПО (Детекторпак). Создание и настройка объектов в конфигурации программного комплекса.Проверка и корректировка видео изображения согласно требованиям для работы трекера. Подбор нейрофильтра (если требуется)"
        },
        "5": {
           "Position": "Программное обеспечение  Получения событий от внешних устройств\t",
           "Price": 10,
           "Description": "Создание и настройка объектов в конфигурации программного комплекса. Настройка функционала в Web интерфейсе камеры. Установка драйвера и настройка внешнего устройсва. "
        },
        "50": {
           "Position": "Программное обеспечение Аксон Некст - Трекер объектов + оставленные предметы ",
           "Price": 20,
           "Description": "Установка ПО (Детекторпак). Создание и настройка объектов в конфигурации программного комплекса.Проверка и корректировка видео изображения согласно требованиям для работы трекера. Настройка параметров детектора оставленных предметов.  Подбор нужной нейросети.(опционально)"
        },
        "51": {
           "Position": "Детектор экипировки (Сиз)",
           "Price": 15,
           "Description": "Установка ПО (Детекторпак). Создание и настройка объектов в конфигурации программного комплекса.Проверка и корректировка видео изображения согласно требованиям для работы трекера. Подбор нужной нейросети.(опционально)"
        },
        "52": {
           "Position": "Детектор взлома камеры ",
           "Price": 10,
           "Description": "Установка ПО (Детекторпак). Создание и настройка объектов в конфигурации программного комплекса.Проверка и корректировка видео изображения согласно требованиям для работы детектора."
        },
        "53": {
           "Position": "Программный модуль \"Детектор нетипичных изменений в сцене \"Видеоинтеллект\"",
           "Price": 5,
           "Description": "Установка ПО (Детекторпак). Создание и настройка объектов в конфигурации программного комплекса.Проверка и корректировка видео изображения согласно требованиям для работы детектора."
        },
        "54": {
           "Position": "Программный модуль \"Детектор движения в запрещённой зоне \"Видеоинтеллект\"",
           "Price": 10,
           "Description": "Установка ПО (Детекторпак). Создание и настройка объектов в конфигурации программного комплекса.Проверка и корректировка видео изображения согласно требованиям для работы детектора."
        },
        "55": {
           "Position": "Программный модуль \"Оставленные предметы \"Видеоинтеллект\"",
           "Price": 15,
           "Description": "Установка ПО (Детекторпак). Создание и настройка объектов в конфигурации программного комплекса.Проверка и корректировка видео изображения согласно требованиям для работы детектора."
        },
        "56": {
           "Position": "Программный модуль \"Перемещения в запрещённом направлении \"Видеоинтеллект\"",
           "Price": 5,
           "Description": "Установка ПО (Детекторпак). Создание и настройка объектов в конфигурации программного комплекса.Проверка и корректировка видео изображения согласно требованиям для работы детектора. Настройка параметров детектора оставленных предметов."
        },
        "57": {
           "Position": "Программный модуль \"Другой \"Видеоинтеллект\"",
           "Price": 15,
           "Description": "Установка ПО (Детекторпак). Создание и настройка объектов в конфигурации программного комплекса.Проверка и корректировка видео изображения согласно требованиям для работы детектора.Настройка конфигурационного файла на основании данных ПО Видеоинтеллект. "
        },
        "59": {
           "Position": "Программное обеспечение Интеллект - Подключение POS-терминала ",
           "Price": 20,
           "Description": "Установка ПО (Pos Интеллект). Создание и настройка объектов в конфигурации программного комплекса. Подключение кассового терминала. Настройка титрователя. Конфигурирование интерфейсов поиска по титрам и по чекам."
        },
        "6": {
           "Position": "ПО сервера метаданных VMDA\t",
           "Price": 10,
           "Description": "Создание объекта в конфигурации программного комплекса. Настройка параметров источников метаданных. "
        },
        "60": {
           "Position": "Программное обеспечение Интеллект - Централизованные веб-отчеты POS",
           "Price": 30,
           "Description": "Установка ПО (Web отчёты). Создание и настройка объектов в конфигурации программного комплекса. Настройка прав пользователей Web отчетов. Настройка сценариев для операторов работающих с отчётами. Настройка браузера для получения живого и архивного видео в отчетах. "
        },
        "62": {
           "Position": "Программное обеспечение Аксон Некст - Распознавание лиц за один канал\t",
           "Price": 10,
           "Description": "Установка программного обеспечения (Детекторпак).  Создание и настройка объектов в конфигурации программного комплекса."
        },
        "63": {
           "Position": "Программное обеспечение Интеллект - Распознавание лиц (10 - 1000000  эталонов лиц в базе)  Настройка Сервера распознавания.\t",
           "Price": 30,
           "Description": "Установка ПО (Face Интеллект). Создание и настройка объектов в конфигурации программного комплекса. Подбор параметров работы сервера распознавания исходя их условий эксплуатации. "
        },
        "64": {
           "Position": "Программное обеспечение Интеллект - Распознавание лиц  (Канал распознавания лиц) \t",
           "Price": 10,
           "Description": "Создание и настройка объектов в конфигурации программного комплекса."
        },
        "65": {
           "Position": "Программное обеспечение Интеллект - Поиск лиц в архиве (Канал поиска лиц в архиве)\t",
           "Price": 10,
           "Description": "Создание и настройка объектов в конфигурации программного комплекса."
        },
        "66": {
           "Position": "Программное обеспечение Интеллект - Детектор масок (Канал определения характеристик лица)\t",
           "Price": 10,
           "Description": "Создание и настройка объектов в конфигурации программного комплекса."
        },
        "67": {
           "Position": "Канал захвата лиц .     (Определение температуры тела при наличии тепловизионной камеры)\t",
           "Price": 10,
           "Description": "Создание и настройка объектов в конфигурации программного комплекса."
        },
        "68": {
           "Position": "Программное обеспечение Интеллект - Торговая видеоаналитика\t",
           "Price": 10,
           "Description": "Создание и настройка объектов в конфигурации программного комплекса."
        },
        "69": {
           "Position": "Программное обеспечение Интеллект - распознавания лиц \"Визирь\"\t",
           "Price": 30,
           "Description": "Установка ПО (Face Интеллект). Создание и настройка объектов в конфигурации программного комплекса. Подбор параметров работы сервера распознавания исходя их условий эксплуатации. "
        },
        "7": {
           "Position": "Программное обеспечение Интеллект - Долговременный архив (резервная копия архива)\t",
           "Price": 10,
           "Description": "Подготовка тома в операционной системе для работы модуля. Создание и настройка объекта долговременный и звуковой архив в конфигурации программного комплекса. Настройка расписания работы и скорости передачи данных. "
        },
        "71": {
           "Position": "Программное обеспечение - Система защиты модуля Seenaptec (Sentinel HL Pro)",
           "Price": 30,
           "Description": "Установка программного обеспечения (Auto Интеллект. AxxonNext - детекторпак). Установка драйверов аппаратного ключа защиты. "
        },
        "72": {
           "Position": "Программное обеспечение Аксон Некст - Распознавание номеров ТС (до 20 км/ч)     За один канал",
           "Price": 10,
           "Description": "Создание и настройка объектов в конфигурации программного комплекса. Настройка видеопотока согласно требованиям.  "
        },
        "73": {
           "Position": "Программное обеспечение Аксон Некст - Распознавание номеров ТС (до 150 км/ч)  За один канал",
           "Price": 10,
           "Description": "Создание и настройка объектов в конфигурации программного комплекса. Настройка видеопотока согласно требованиям.  "
        },
        "74": {
           "Position": "Программное обеспечение Интеллект - Распознавание номеров ТС на борту камеры    ( AxxonNext и Интеллект).\t",
           "Price": 10,
           "Description": "Создание и настройка объектов в конфигурации программного комплекса. Настройка встроенного детектора камеры в Web интерфейсе. "
        },
        "75": {
           "Position": "Программное обеспечение Интеллект - Детектор нарушения парковки\t",
           "Price": 10,
           "Description": "Создание и настройка объектов в конфигурации программного комплекса."
        },
        "76": {
           "Position": "Программное обеспечение Интеллект - Распознавание номеров автомобилей по запросу\t",
           "Price": 10,
           "Description": "Создание и настройка объектов в конфигурации программного комплекса."
        },
        "77": {
           "Position": "Программное обеспечение Интеллект - Детектор нарушений ПДД\t",
           "Price": 180,
           "Description": "Создание и настройка объектов в конфигурации программного комплекса.  Подбор настроек под текущую сцену. Определение и создание зон нарушений. Калибровка детектора светофора и синхронизация с работой детектора нарушения ПДД."
        },
        "78": {
           "Position": "Программное обеспечение Интеллект - Детектор остановившихся автомобилей\t",
           "Price": 30,
           "Description": "Создание и настройка объектов в конфигурации программного комплекса.  Подбор настроек под текущую сцену. "
        },
        "79": {
           "Position": "Программное обеспечение Интеллект - Подключение радара\t",
           "Price": 30,
           "Description": "Создание и настройка объектов в конфигурации программного комплекса.  Подключение задара. Синхронизация работы радара и сервера распознавание номеров для получения номера вместе с результатом определения скорости. "
        },
        "8": {
           "Position": "Программное обеспечение Интеллект - Видеошлюз\t",
           "Price": 10,
           "Description": "Проверка сетевого окружения. Создание и настройка объектов в конфигурации программного комплекса. Настройка режима записи (по требованию)."
        },
        "80": {
           "Position": "Программное обеспечение - Система защиты (Senselock)\t",
           "Price": 10,
           "Description": "Установка драйверов аппаратного ключа защиты. Установка лицензии программного комплекса Senselock. Установка программного обеспечения (Auto Интеллект +ACFA) "
        },
        "81": {
           "Position": "Программное обеспечение Интеллект - Распознавание номеров грузовых вагонов (Сервер распознавания)\t",
           "Price": 10,
           "Description": "Установка программного обеспечения (Auto Интеллект +ACFA). Создание и настройка объектов в конфигурации программного комплекса."
        },
        "82": {
           "Position": "Программное обеспечение Интеллект - Распознавание номеров грузовых вагонов (базовый канал)\t",
           "Price": 10,
           "Description": "Создание и настройка объектов в конфигурации программного комплекса. Проверка и настройка изображения с видео камеры для корректно йработы распознавания. "
        },
        "83": {
           "Position": "Программное обеспечение Интеллект - Распознавание номеров грузовых вагонов (вспомогательный канал)\t",
           "Price": 10,
           "Description": "Создание и настройка объектов в конфигурации программного комплекса. Проверка и настройка изображения с видео камеры для корректно йработы распознавания. "
        },
        "84": {
           "Position": "Программное обеспечение Интеллект - Распознавание номеров контейнеров (базовый канал)\t",
           "Price": 10,
           "Description": "Создание и настройка объектов в конфигурации программного комплекса. Проверка и настройка изображения с видео камеры для корректно йработы распознавания. "
        },
        "85": {
           "Position": "Программное обеспечение Интеллект - Распознавание номеров контейнеров (вспомогательный канал)\t",
           "Price": 10,
           "Description": "Создание и настройка объектов в конфигурации программного комплекса. Проверка и настройка изображения с видео камеры для корректно йработы распознавания. "
        },
        "87": {
           "Position": "Программное обеспечение Интеллект - Диспетчер событий (Фотоидентификация)",
           "Price": 20,
           "Description": "Установка программного обеспечения (ACFA). Создание и настройка объектов в конфигурации программного комплекса.Создание шаблона и правила. "
        },
        "88": {
           "Position": "Программное обеспечение Интеллект - Бюро пропусков",
           "Price": 20,
           "Description": "Установка программного обеспечения (ACFA). Создание и настройка объектов в конфигурации программного комплекса. Установка драйвера для работы с SQL сервером. "
        },
        "89": {
           "Position": "Программное обеспечение Интеллект - Учет рабочего времени",
           "Price": 60,
           "Description": "Установка программного обеспечения (ACFA). Создание и настройка объектов в конфигурации программного комплекса. Создание базовых графиков и схем работы. "
        },
        "9": {
           "Position": "Программное обеспечение Интеллект - Подключение панели видеодомофона\t",
           "Price": 15,
           "Description": "Создание и настройка объектов в конфигурации программного комплекса. Нстройка устройства для работы с программным комплексом. "
        },
        "90": {
           "Position": "Программное обеспечение Интеллект - Импорт баз данных пользователей",
           "Price": 60,
           "Description": "Установка программного обеспечения (ACFA). Создание и настройка объектов в конфигурации программного комплекса. Настройка связи с файлами или базами данных.  Задание соответствия полей. "
        },
        "92": {
           "Position": "Программное обеспечение Интеллект - SNMP Wrapper ",
           "Price": 30,
           "Description": "Установка программного обеспечения (ACFA). Создание и настройка объектов в конфигурации программного комплекса. Настройка связи модуля программного комплекса с устройством. Настройка SNMP ловушек. "
        },
        "93": {
           "Position": "Программное обеспечение Интеллект - BACnet Wrapper",
           "Price": 30,
           "Description": "Установка программного обеспечения (ACFA). Создание и настройка объектов в конфигурации программного комплекса. Настройка связи модуля программного комплекса с устройством. Настройка правил формирования событий. "
        },
        "94": {
           "Position": "Программное обеспечение Интеллект - Modbus Wrapper",
           "Price": 60,
           "Description": "Установка программного обеспечения (ACFA). Создание и настройка объектов в конфигурации программного комплекса.  Формирование дерева объекттов по карте регистров. "
        },
        "95": {
           "Position": "Программное обеспечение Интеллект - OPC Wrapper",
           "Price": 30,
           "Description": "Установка программного обеспечения (ACFA). Создание и настройка объектов в конфигурации программного комплекса. Настройка связи модуля программного комплекса с устройством. Настройка правил формирования событий. "
        },
        "97": {
           "Position": "Программное обеспечение Интеллект - Интеграция ОПС Стрелец-Интеграл (за один контроллер сегментов)",
           "Price": 30,
           "Description": "Установка программного обеспечения (ACFA). Создание и настройка объектов в конфигурации программного комплекса. Построение дерева объектов. "
        },
        "98": {
           "Position": "Программное обеспечение Интеллект - Интеграция ОПС Ратэк",
           "Price": 10,
           "Description": "Установка программного обеспечения (ACFA). Создание и настройка объектов в конфигурации программного комплекса."
        },
        "99": {
           "Position": "Программное обеспечение Интеллект - Интеграция ОПС Honeywell Vista-501",
           "Price": 60,
           "Description": "Установка программного обеспечения (ACFA). Создание и настройка объектов в конфигурации программного комплекса.Настройка связи с устройством. "
        }
     }
  }